-- --------------------------------------------------------
-- Servidor:                     localhost
-- Versão do servidor:           10.4.28-MariaDB - mariadb.org binary distribution
-- OS do Servidor:               Win64
-- HeidiSQL Versão:              12.5.0.6677
-- --------------------------------------------------------

/*!40101 SET @OLD_CHARACTER_SET_CLIENT=@@CHARACTER_SET_CLIENT */;
/*!40101 SET NAMES utf8 */;
/*!50503 SET NAMES utf8mb4 */;
/*!40103 SET @OLD_TIME_ZONE=@@TIME_ZONE */;
/*!40103 SET TIME_ZONE='+00:00' */;
/*!40014 SET @OLD_FOREIGN_KEY_CHECKS=@@FOREIGN_KEY_CHECKS, FOREIGN_KEY_CHECKS=0 */;
/*!40101 SET @OLD_SQL_MODE=@@SQL_MODE, SQL_MODE='NO_AUTO_VALUE_ON_ZERO' */;
/*!40111 SET @OLD_SQL_NOTES=@@SQL_NOTES, SQL_NOTES=0 */;

-- Copiando dados para a tabela fruitjuice.clients: ~34 rows (aproximadamente)
INSERT INTO `clients` (`cpf`, `name`, `address`, `neighborhood`, `city`, `state`, `cep`, `date_of_birth`, `age`, `sex`, `limit_credit`, `purchase_volume`, `first_purchase`) VALUES
	('12462879024', 'Carlos Santos', 'Rua da Paz', 'Jardim América', 'São Paulo', 'SP', '01404001', '2001-05-20', 16, 'M', 80000.00, 10000.00, 0),
	('14689207584', 'Vinícius Oliveira', 'Av. Atlântica', 'Copacabana', 'Rio de Janeiro', 'RJ', '22070000', '1993-11-14', 27, 'F', 140000.00, 18000.00, 1),
	('1471156710', 'Érica Carvalho', 'R. Iriquitia', 'Jardins', 'São Paulo', 'SP', '80012212', '1990-09-01', 27, 'F', 170000.00, 24500.00, 0),
	('17954620835', 'Lívia Santos', 'Av. Boa Viagem', 'Boa Viagem', 'Recife', 'PE', '51020001', '1991-02-12', 30, 'F', 130000.00, 16000.00, 1),
	('19290992743', 'Fernando Cavalcante', 'R. Dois de Fevereiro', 'Água Santa', 'Rio de Janeiro', 'RJ', '22000000', '2000-02-12', 18, 'M', 100000.00, 20000.00, 1),
	('20374198065', 'Lucas Fernandes', 'Rua Padre Antônio Vieira', 'Campo Grande', 'Recife', 'PE', '52041040', '1998-09-07', 22, 'M', 95000.00, 12000.00, 0),
	('25098730106', 'Camila Almeida', 'Rua Frei Caneca', 'Consolação', 'São Paulo', 'SP', '01307911', '1992-12-17', 29, 'F', 110000.00, 13000.00, 1),
	('2600586709', 'César Teixeira', 'Rua Conde de Bonfim', 'Tijuca', 'Rio de Janeiro', 'RJ', '22020001', '2000-03-12', 18, 'M', 120000.00, 22000.00, 0),
	('28094567031', 'Luiza Silva', 'Rua Goiás', 'Savassi', 'Belo Horizonte', 'MG', '30190030', '1996-04-18', 25, 'F', 110000.00, 14000.00, 1),
	('38190217024', 'Larissa Oliveira', 'Av. Santos Dumont', 'Centro', 'Belo Horizonte', 'MG', '30111060', '1995-11-15', 26, 'F', 150000.00, 18000.00, 1),
	('46821574982', 'Gustavo Lima', 'Av. Paulista', 'Bela Vista', 'São Paulo', 'SP', '01310000', '1995-06-09', 26, 'M', 160000.00, 21000.00, 0),
	('48921750831', 'Mariana Lima', 'Rua Augusta', 'Consolação', 'São Paulo', 'SP', '01304000', '1991-08-16', 30, 'F', 110000.00, 14000.00, 1),
	('49734589101', 'André Alves', 'Rua Dom João VI', 'Alto da Boa Vista', 'São Paulo', 'SP', '04796000', '1990-01-28', 31, 'M', 130000.00, 15000.00, 0),
	('50728493106', 'Carolina Santos', 'Rua Oscar Freire', 'Jardins', 'São Paulo', 'SP', '01426000', '1990-07-02', 31, 'F', 120000.00, 16000.00, 1),
	('50783612408', 'Eduardo Gomes', 'Av. Rio Branco', 'Centro', 'Rio de Janeiro', 'RJ', '20040101', '1985-01-30', 37, 'M', 190000.00, 26000.00, 0),
	('52783012947', 'Vinícius Oliveira', 'Av. Atlântica', 'Copacabana', 'Rio de Janeiro', 'RJ', '22070000', '1998-04-27', 23, 'M', 140000.00, 18000.00, 0),
	('59874213805', 'Amanda Ribeiro', 'Av. Beira-Mar', 'Praia de Iracema', 'Fortaleza', 'CE', '60060000', '1995-11-26', 26, 'F', 110000.00, 14000.00, 1),
	('60278400901', 'Mariana Ferreira', 'Av. Paulista', 'Bela Vista', 'São Paulo', 'SP', '01310000', '1998-10-03', 22, 'F', 90000.00, 12000.00, 1),
	('60293847510', 'Carolina Santos', 'Rua Oscar Freire', 'Jardins', 'São Paulo', 'SP', '01426000', '1996-06-28', 25, 'F', 95000.00, 12000.00, 1),
	('64208195314', 'Isabela Souza', 'Rua Oscar Freire', 'Jardins', 'São Paulo', 'SP', '01426000', '2002-09-05', 19, 'F', 75000.00, 9000.00, 1),
	('65892047108', 'Marina Gomes', 'Av. Juscelino Kubitschek', 'Vila Nova Conceição', 'São Paulo', 'SP', '04543001', '1990-12-14', 30, 'F', 120000.00, 16000.00, 1),
	('67239510820', 'Ricardo Silva', 'Av. Paulista', 'Bela Vista', 'São Paulo', 'SP', '01310000', '1988-08-05', 33, 'M', 140000.00, 18000.00, 0),
	('69380481542', 'Ana Oliveira', 'Rua Augusta', 'Consolação', 'São Paulo', 'SP', '01304001', '1999-06-30', 22, 'F', 95000.00, 11000.00, 1),
	('73215968408', 'Rodrigo Silva', 'Av. Paulista', 'Bela Vista', 'São Paulo', 'SP', '01310000', '1993-07-11', 28, 'M', 160000.00, 21000.00, 0),
	('73905187205', 'Bruna Lima', 'Rua Augusta', 'Consolação', 'São Paulo', 'SP', '01304000', '1988-04-12', 30, 'F', 100000.00, 13000.00, 1),
	('75829460197', 'Juliana Pereira', 'Rua Olegário Maciel', 'Barra da Tijuca', 'Rio de Janeiro', 'RJ', '22621190', '1994-11-08', 27, 'F', 120000.00, 17000.00, 1),
	('76083159028', 'Amanda Mendes', 'Av. Juscelino Kubitschek', 'Vila Nova Conceição', 'São Paulo', 'SP', '04543001', '1993-11-14', 27, 'F', 140000.00, 18000.00, 1),
	('78931580911', 'Rafaela Silva', 'Rua Sete de Setembro', 'Centro', 'Porto Alegre', 'RS', '90010130', '1993-09-22', 28, 'F', 180000.00, 25000.00, 0),
	('82093756421', 'Felipe Almeida', 'Av. Rio Branco', 'Centro', 'Rio de Janeiro', 'RJ', '20040000', '1992-03-10', 29, 'M', 130000.00, 17000.00, 0),
	('83649025763', 'Lucas Rodrigues', 'Av. Brasil', 'Santo Antônio', 'Salvador', 'BA', '40010000', '1997-06-14', 24, 'M', 110000.00, 14000.00, 1),
	('85647293081', 'Ricardo Ferreira', 'Rua São Bento', 'Centro', 'Rio de Janeiro', 'RJ', '20090002', '1993-08-25', 28, 'M', 180000.00, 24000.00, 0),
	('90368421542', 'Marcelo Ribeiro', 'Av. Beira-Mar', 'Praia de Iracema', 'Fortaleza', 'CE', '60060000', '1987-05-19', 34, 'M', 170000.00, 23000.00, 0),
	('93047856124', 'Pedro Nunes', 'Av. Atlântica', 'Copacabana', 'Rio de Janeiro', 'RJ', '22070002', '1998-11-02', 23, 'M', 140000.00, 19000.00, 0),
	('93478253049', 'Mateus Costa', 'Rua Padre Antônio Vieira', 'Campo Grande', 'Recife', 'PE', '52041040', '1998-07-07', 23, 'M', 100000.00, 12000.00, 0);

-- Copiando dados para a tabela fruitjuice.items_invoices: ~0 rows (aproximadamente)

-- Copiando dados para a tabela fruitjuice.products: ~199 rows (aproximadamente)
INSERT INTO `products` (`product_id`, `name`, `descriptor`, `flavor`, `size`, `packing`, `price_list`, `barcode`) VALUES
	(1, 'Sabão', 'Essa reação produz um sal de ácido carboxílico, que é o sabão, e o glicerol1. O sabão pode ter difer', 'melancia', '350ml', 'platico', 10.60, 258783),
	(2, 'Sabão', 'Essa reação produz um sal de ácido carboxílico, que é o sabão, e o glicerol1. O sabão pode ter difer', 'melancia', '350ml', 'platico', 10.60, 72457),
	(3, 'amaciante', 'Amaciantes ou amaciadores são produtos naturais ou artificiais utilizados para amaciar outros produt', 'aquinia', '1l', 'platico', 20.60, 585936),
	(4, 'Sabão', 'Essa reação produz um sal de ácido carboxílico, que é o sabão, e o glicerol1. O sabão pode ter difer', 'melancia', '350ml', 'platico', 10.60, 712309),
	(5, 'amaciante', 'Amaciantes ou amaciadores são produtos naturais ou artificiais utilizados para amaciar outros produt', 'aquinia', '1l', 'platico', 20.60, 803740),
	(6, 'sabonete', 'Os sabonetes são produtos de higiene pessoal utilizados para limpar a pele.', 'neutro', '90g', 'papel', 2.50, 881772),
	(7, 'shampoo', 'Shampoos são produtos para a lavagem e limpeza dos cabelos.', 'coco', '300ml', 'plástico', 12.90, 997641),
	(8, 'creme dental', 'Creme dental é utilizado para a higiene bucal e escovação dos dentes.', 'menta', '100g', 'plástico', 5.75, 342889),
	(9, 'papel toalha', 'Papel toalha é utilizado para secar as mãos após a lavagem.', 'branco', '2 rolos', 'papel', 8.20, 721523),
	(10, 'desodorante', 'Desodorantes são produtos utilizados para controlar o odor corporal.', 'floral', '150ml', 'aerosol', 9.99, 578949),
	(11, 'biscoito', 'Biscoitos são produtos de panificação em forma de pequenas peças.', 'chocolate', '200g', 'pacote', 3.75, 730176),
	(12, 'água mineral', 'Água mineral é uma água naturalmente mineralizada proveniente de fontes subterrâneas.', 'sem sabor', '500ml', 'garrafa plástica', 1.20, 914034),
	(13, 'molho de tomate', 'Molho de tomate é utilizado em diversas preparações culinárias.', 'tradicional', '350g', 'vidro', 4.50, 379643),
	(14, 'sabão em pó', 'Sabão em pó é utilizado para lavagem de roupas na máquina de lavar.', 'lavanda', '1kg', 'caixa', 7.80, 156115),
	(15, 'leite', 'Leite é um líquido nutritivo produzido pelas glândulas mamárias dos mamíferos.', 'integral', '1 litro', 'caixa', 3.25, 641645),
	(16, 'Sabão', 'Essa reação produz um sal de ácido carboxílico, que é o sabão, e o glicerol1. O sabão pode ter difer', 'melancia', '350ml', 'platico', 10.60, 739880),
	(17, 'amaciante', 'Amaciantes ou amaciadores são produtos naturais ou artificiais utilizados para amaciar outros produt', 'aquinia', '1l', 'platico', 20.60, 774467),
	(18, 'sabonete', 'Os sabonetes são produtos de higiene pessoal utilizados para limpar a pele.', 'neutro', '90g', 'papel', 2.50, 652697),
	(19, 'shampoo', 'Shampoos são produtos para a lavagem e limpeza dos cabelos.', 'coco', '300ml', 'plástico', 12.90, 940081),
	(20, 'creme dental', 'Creme dental é utilizado para a higiene bucal e escovação dos dentes.', 'menta', '100g', 'plástico', 5.75, 742317),
	(21, 'papel toalha', 'Papel toalha é utilizado para secar as mãos após a lavagem.', 'branco', '2 rolos', 'papel', 8.20, 891341),
	(22, 'desodorante', 'Desodorantes são produtos utilizados para controlar o odor corporal.', 'floral', '150ml', 'aerosol', 9.99, 229755),
	(23, 'biscoito', 'Biscoitos são produtos de panificação em forma de pequenas peças.', 'chocolate', '200g', 'pacote', 3.75, 474752),
	(24, 'água mineral', 'Água mineral é uma água naturalmente mineralizada proveniente de fontes subterrâneas.', 'sem sabor', '500ml', 'garrafa plástica', 1.20, 684495),
	(25, 'molho de tomate', 'Molho de tomate é utilizado em diversas preparações culinárias.', 'tradicional', '350g', 'vidro', 4.50, 998220),
	(26, 'sabão em pó', 'Sabão em pó é utilizado para lavagem de roupas na máquina de lavar.', 'lavanda', '1kg', 'caixa', 7.80, 937617),
	(27, 'leite', 'Leite é um líquido nutritivo produzido pelas glândulas mamárias dos mamíferos.', 'integral', '1 litro', 'caixa', 3.25, 693426),
	(28, 'bolsa', 'Bolsas são acessórios utilizados para carregar objetos pessoais.', 'couro', 'média', 'tecido', 85.00, 654279),
	(29, 'laptop', 'Laptops são dispositivos portáteis utilizados para computação.', 'prata', '15 polegadas', 'caixa', 1200.00, 191119),
	(30, 'cadeira', 'Cadeiras são móveis utilizados para sentar-se.', 'madeira', 'estofada', 'unidade', 75.50, 992756),
	(31, 'martelo', 'Martelos são ferramentas manuais utilizadas para bater ou fixar objetos.', 'aço', '300g', 'plástico', 8.90, 390424),
	(32, 'óculos de sol', 'Óculos de sol são acessórios usados para proteger os olhos da luz solar.', 'preto', 'padrão', 'estojo', 25.00, 973855),
	(33, 'Sabão', 'Essa reação produz um sal de ácido carboxílico, que é o sabão, e o glicerol1. O sabão pode ter difer', 'melancia', '350ml', 'platico', 10.60, 698001),
	(34, 'amaciante', 'Amaciantes ou amaciadores são produtos naturais ou artificiais utilizados para amaciar outros produt', 'aquinia', '1l', 'platico', 20.60, 568440),
	(35, 'sabonete', 'Os sabonetes são produtos de higiene pessoal utilizados para limpar a pele.', 'neutro', '90g', 'papel', 2.50, 748198),
	(36, 'shampoo', 'Shampoos são produtos para a lavagem e limpeza dos cabelos.', 'coco', '300ml', 'plástico', 12.90, 35671),
	(37, 'creme dental', 'Creme dental é utilizado para a higiene bucal e escovação dos dentes.', 'menta', '100g', 'plástico', 5.75, 933761),
	(38, 'papel toalha', 'Papel toalha é utilizado para secar as mãos após a lavagem.', 'branco', '2 rolos', 'papel', 8.20, 561793),
	(39, 'desodorante', 'Desodorantes são produtos utilizados para controlar o odor corporal.', 'floral', '150ml', 'aerosol', 9.99, 7682),
	(40, 'biscoito', 'Biscoitos são produtos de panificação em forma de pequenas peças.', 'chocolate', '200g', 'pacote', 3.75, 353030),
	(41, 'água mineral', 'Água mineral é uma água naturalmente mineralizada proveniente de fontes subterrâneas.', 'sem sabor', '500ml', 'garrafa plástica', 1.20, 742107),
	(42, 'molho de tomate', 'Molho de tomate é utilizado em diversas preparações culinárias.', 'tradicional', '350g', 'vidro', 4.50, 651446),
	(43, 'sabão em pó', 'Sabão em pó é utilizado para lavagem de roupas na máquina de lavar.', 'lavanda', '1kg', 'caixa', 7.80, 30909),
	(44, 'leite', 'Leite é um líquido nutritivo produzido pelas glândulas mamárias dos mamíferos.', 'integral', '1 litro', 'caixa', 3.25, 200208),
	(45, 'bolsa', 'Bolsas são acessórios utilizados para carregar objetos pessoais.', 'couro', 'média', 'tecido', 85.00, 908312),
	(46, 'laptop', 'Laptops são dispositivos portáteis utilizados para computação.', 'prata', '15 polegadas', 'caixa', 1200.00, 940935),
	(47, 'cadeira', 'Cadeiras são móveis utilizados para sentar-se.', 'madeira', 'estofada', 'unidade', 75.50, 979742),
	(48, 'martelo', 'Martelos são ferramentas manuais utilizadas para bater ou fixar objetos.', 'aço', '300g', 'plástico', 8.90, 75904),
	(49, 'óculos de sol', 'Óculos de sol são acessórios usados para proteger os olhos da luz solar.', 'preto', 'padrão', 'estojo', 25.00, 440296),
	(50, 'celular', 'Celulares são dispositivos eletrônicos utilizados para comunicação e tarefas diversas.', 'preto', '128GB', 'caixa', 800.00, 973767),
	(51, 'caneta', 'Canetas são instrumentos de escrita utilizados para fazer marcações em papel.', 'azul', '0.5mm', 'embalagem plástica', 1.50, 547947),
	(52, 'café', 'Café é uma bebida quente popular feita a partir dos grãos torrados do café.', 'forte', '250g', 'pacote', 9.99, 818435),
	(53, 'tênis', 'Tênis são calçados esportivos utilizados para atividades físicas.', 'branco', '42', 'caixa', 45.00, 448334),
	(54, 'chocolate', 'Chocolate é um doce feito a partir do cacau e utilizado como sobremesa.', 'ao leite', '100g', 'embrulho', 3.25, 786365),
	(55, 'chocolate', 'Chocolate é um doce feito a partir do cacau e utilizado como sobremesa.', 'ao leite', '100g', 'embrulho', 3.25, 1000000001),
	(56, 'chocolate', 'Chocolate é um doce feito a partir do cacau e utilizado como sobremesa.', 'ao leite', '100g', 'embrulho', 3.25, 1000000001),
	(57, 'biscoito', 'Biscoitos são produtos de panificação em forma de pequenas peças.', 'morango', '150g', 'pacote', 2.75, 1000000002),
	(58, 'água mineral', 'Água mineral é uma água naturalmente mineralizada proveniente de fontes subterrâneas.', 'com gás', '750ml', 'garrafa plástica', 1.50, 1000000003),
	(59, 'sabonete', 'Sabonetes são produtos de higiene pessoal utilizados para limpar a pele.', 'erva-cidreira', '120g', 'papel', 2.20, 1000000004),
	(60, 'óleo de cozinha', 'Óleo de cozinha é utilizado para preparar alimentos.', 'soja', '900ml', 'garrafa plástica', 6.80, 1000000005),
	(61, 'sucode laranja', 'Suco de laranja é uma bebida natural feita a partir da fruta laranja.', 'laranja', '500ml', 'garrafa plástica', 4.50, 1000000007),
	(62, 'queijo', 'Queijo é um alimento produzido a partir do leite coagulado.', 'cheddar', '200g', 'embrulho', 6.75, 1000000008),
	(63, 'camiseta', 'Camisetas são peças de roupa utilizadas para vestir a parte superior do corpo.', 'preta', 'M', 'etiqueta', 15.00, 1000000009),
	(64, 'laptop', 'Laptops são dispositivos portáteis utilizados para computação.', 'prata', '13 polegadas', 'caixa', 1100.00, 1000000010),
	(65, 'caneca', 'Canecas são utensílios utilizados para beber líquidos.', 'cerâmica', '300ml', 'caixa', 8.50, 1000000011),
	(66, 'macarrão', 'Macarrão é um tipo de massa alimentícia feita de farinha de trigo.', 'espaguete', '500g', 'pacote', 2.20, 1000000012),
	(67, 'gel de banho', 'Gel de banho é um produto utilizado para limpeza corporal durante o banho.', 'lavanda', '250ml', 'frasco', 4.80, 1000000013),
	(68, 'pão de forma', 'Pão de forma é um tipo de pão retangular e fatiado.', 'integral', '400g', 'embrulho', 3.00, 1000000014),
	(69, 'óculos de leitura', 'Óculos de leitura são utilizados para melhorar a visão de perto.', 'preto', '2.5', 'estojo', 10.50, 1000000015),
	(70, 'fones de ouvido', 'Fones de ouvido são dispositivos usados para ouvir áudio.', 'intra-auricular', 'padrão', 'embalagem plástica', 20.00, 1000000016),
	(71, 'livro', 'Livros são obras escritas que podem conter histórias, informações ou conhecimentos.', 'ficção', '300 páginas', 'capa dura', 18.50, 1000000017),
	(72, 'lâmpada', 'Lâmpadas são dispositivos que emitem luz artificial.', 'LED', '9W', 'caixa', 2.75, 1000000018),
	(73, 'tinta para impressora', 'Tinta para impressora é utilizada para imprimir documentos e imagens.', 'preto', '100ml', 'frasco', 12.90, 1000000019),
	(74, 'brinquedo', 'Brinquedos são objetos utilizados para entretenimento, especialmente por crianças.', 'carrinho', 'pequeno', 'caixa', 5.50, 1000000020),
	(75, 'meias', 'Meias são peças de vestuário utilizadas nos pés.', 'algodão', '35-40', 'par', 3.00, 1000000021),
	(76, 'meias', 'Meias são peças de vestuário utilizadas nos pés.', 'algodão', '35-40', 'par', 3.00, 1000000021),
	(77, 'celular', 'Celulares são dispositivos eletrônicos utilizados para comunicação e tarefas diversas.', 'prata', '128GB', 'caixa', 800.00, 1000000022),
	(78, 'sabão líquido', 'Sabão líquido é utilizado para lavagem de roupas na máquina de lavar.', 'lavanda', '1 litro', 'frasco', 6.20, 1000000023),
	(79, 'óculos de sol', 'Óculos de sol são acessórios usados para proteger os olhos da luz solar.', 'aviador', 'padrão', 'estojo', 30.00, 1000000024),
	(80, 'chocolate', 'Chocolate é um doce feito a partir do cacau e utilizado como sobremesa.', 'amargo', '80g', 'embrulho', 2.75, 1000000025),
	(81, 'chocolate', 'Chocolate é um doce feito a partir do cacau e utilizado como sobremesa.', 'amargo', '80g', 'embrulho', 2.75, 1000000025),
	(82, 'pasta de dente', 'Pasta de dente é utilizada para a higiene bucal e escovação dos dentes.', 'menta', '90g', 'tubo', 3.50, 1000000027),
	(83, 'tênis esportivo', 'Tênis esportivos são calçados utilizados para atividades físicas.', 'azul', '41', 'caixa', 65.00, 1000000028),
	(84, 'cadeira de escritório', 'Cadeiras de escritório são móveis utilizados para sentar durante o trabalho.', 'ergonômica', 'ajustável', 'unidade', 120.00, 1000000029),
	(85, 'papel higiênico', 'Papel higiênico é utilizado para a higiene pessoal no banheiro.', 'branco', '8 rolos', 'pacote', 6.75, 1000000030),
	(86, 'papel higiênico', 'Papel higiênico é utilizado para a higiene pessoal no banheiro.', 'branco', '8 rolos', 'pacote', 6.75, 1000000030),
	(87, 'ferro de passar', 'Ferro de passar é utilizado para alisar roupas amassadas.', 'cerâmica', '1800W', 'caixa', 38.50, 1000000031),
	(88, 'chave de fenda', 'Chave de fenda é uma ferramenta manual utilizada para apertar ou soltar parafusos.', 'cabo de plástico', '5mm', 'plástico', 4.50, 1000000026),
	(89, 'shampoo', 'Shampoos são produtos para a lavagem e limpeza dos cabelos.', 'coco', '300ml', 'plástico', 12.90, 1000000032),
	(90, 'guarda-chuva', 'Guarda-chuvas são dispositivos utilizados para se proteger da chuva.', 'preto', 'grande', 'tecido', 18.75, 1000000033),
	(91, 'tênis de corrida', 'Tênis de corrida são calçados projetados para atividades esportivas.', 'vermelho', '38', 'caixa', 50.00, 1000000034),
	(92, 'chá', 'Chá é uma bebida quente feita a partir da infusão de ervas.', 'camomila', '20 sachês', 'caixa', 3.80, 1000000035),
	(93, 'capa para celular', 'Capas para celular são acessórios utilizados para proteger smartphones.', 'transparente', 'padrão', 'embalagem plástica', 8.00, 1000000036),
	(94, 'bateria recarregável', 'Baterias recarregáveis são fontes de energia para diversos dispositivos eletrônicos.', 'AA', '4 unidades', 'blister', 15.50, 1000000037),
	(95, 'toalha de banho', 'Toalhas de banho são usadas para secar o corpo após o banho.', 'branca', '70x140cm', 'pacote', 10.00, 1000000038),
	(96, 'filme fotográfico', 'Filmes fotográficos são utilizados em câmeras analógicas para capturar imagens.', 'colorido', '35mm', 'embalagem plástica', 7.25, 1000000039),
	(97, 'vassoura', 'Vassouras são utensílios utilizados para varrer superfícies.', 'cerdas naturais', 'longa', 'unidade', 6.00, 1000000040),
	(98, 'pasta', 'Pastas são alimentos feitos a partir de massa, geralmente servidas com molho.', 'penne', '500g', 'pacote', 2.40, 1000000041),
	(99, 'telefone fixo', 'Telefones fixos são aparelhos utilizados para comunicação por linha telefônica.', 'branco', 'com fio', 'caixa', 22.00, 1000000042),
	(100, 'carregador USB', 'Carregadores USB são dispositivos usados para recarregar eletrônicos via USB.', 'branco', 'padrão', 'embalagem plástica', 5.75, 1000000043),
	(101, 'alicate', 'Alicates são ferramentas manuais usadas para segurar, dobrar ou cortar objetos.', 'cabo emborrachado', '6 polegadas', 'plástico', 9.80, 1000000044),
	(102, 'vaso de flores', 'Vasos de flores são recipientes usados para cultivar plantas ornamentais.', 'cerâmica', 'médio', 'unidade', 12.50, 1000000045),
	(103, 'protetor solar', 'Protetor solar é utilizado para proteger a pele dos raios solares.', 'FPS 30', '120ml', 'frasco', 15.00, 1000000046),
	(104, 'fogão', 'Fogões são aparelhos utilizados para cozinhar alimentos.', 'inox', '4 bocas', 'caixa', 250.00, 1000000047),
	(105, 'adesivos decorativos', 'Adesivos decorativos são utilizados para enfeitar superfícies.', 'floral', 'conjunto', 'embalagem plástica', 6.75, 1000000048),
	(106, 'parafusos', 'Parafusos são fixadores rosqueados utilizados em montagens.', 'aço', '5mm', 'caixa', 2.50, 1000000049),
	(107, 'carregador de carro', 'Carregadores de carro são dispositivos usados para recarregar eletrônicos no automóvel.', 'USB', 'padrão', 'embalagem plástica', 8.20, 1000000050),
	(108, 'pasta de amendoim', 'Pasta de amendoim é um alimento feito a partir de amendoins triturados.', 'natural', '350g', 'pote', 8.50, 1000000051),
	(109, 'cadeira dobrável', 'Cadeiras dobráveis são móveis práticos e compactos para sentar.', 'azul', 'portátil', 'unidade', 20.00, 1000000052),
	(110, 'pasta de amendoim', 'Pasta de amendoim é um alimento feito a partir de amendoins triturados.', 'natural', '350g', 'pote', 8.50, 1000000051),
	(111, 'cadeira dobrável', 'Cadeiras dobráveis são móveis práticos e compactos para sentar.', 'azul', 'portátil', 'unidade', 20.00, 1000000052),
	(112, 'cadeira dobrável', 'Cadeiras dobráveis são móveis práticos e compactos para sentar.', 'azul', 'portátil', 'unidade', 20.00, 1000000052),
	(113, 'cadeira dobrável', 'Cadeiras dobráveis são móveis práticos e compactos para sentar.', 'azul', 'portátil', 'unidade', 20.00, 1000000052),
	(114, 'manteiga', 'Manteiga é um produto derivado do leite utilizado em preparações culinárias.', 'com sal', '200g', 'embrulho', 4.00, 1000000054),
	(115, 'fones de ouvido sem fio', 'Fones de ouvido sem fio são dispositivos usados para ouvir áudio sem cabos.', 'Bluetooth', 'padrão', 'embalagem plástica', 40.00, 1000000055),
	(116, 'conjunto de talheres', 'Conjunto de talheres é utilizado para comer alimentos.', 'inox', '12 peças', 'estojo', 25.50, 1000000056),
	(117, 'quebra-cabeça', 'Quebra-cabeças são jogos que envolvem montar peças para formar uma imagem.', '500 peças', 'padrão', 'caixa', 12.75, 1000000057),
	(118, 'bola de futebol', 'Bolas de futebol são utilizadas para jogos de futebol.', 'oficial', 'padrão', 'embalagem plástica', 18.00, 1000000058),
	(119, 'espelho de parede', 'Espelhos de parede são usados para refletir imagens e decorar ambientes.', 'retangular', '60x80cm', 'caixa', 30.00, 1000000059),
	(120, 'notebook', 'Notebooks são computadores portáteis para tarefas pessoais e profissionais.', 'silver', '15.6 polegadas', 'caixa', 950.00, 1000000060),
	(121, 'massa de modelar', 'Massa de modelar é um material utilizado para criar esculturas e objetos.', 'cores sortidas', '500g', 'pote', 3.20, 1000000061),
	(122, 'lâmpada LED', 'Lâmpadas LED são dispositivos que emitem luz econômica e durável.', 'branca', '10W', 'caixa', 5.00, 1000000062),
	(123, 'cartolina', 'Cartolina é um tipo de papel grosso utilizado em trabalhos artísticos.', 'colorida', 'folha A3', 'unidade', 1.50, 1000000063),
	(124, 'caixa de ferramentas', 'Caixas de ferramentas são recipientes usados para armazenar ferramentas.', 'plástico resistente', 'média', 'unidade', 22.00, 1000000064),
	(125, 'saco de dormir', 'Sacos de dormir são usados para dormir ao ar livre ou em acampamentos.', '3 estações', 'compacto', 'embalagem', 35.00, 1000000065),
	(126, 'fita adesiva', 'Fitas adesivas são utilizadas para colagem e fixação de materiais.', 'transparente', '45m', 'rolo', 2.80, 1000000066),
	(127, 'sabonete líquido', 'Sabonete líquido é utilizado para limpeza corporal durante o banho.', 'algodão', '300ml', 'frasco', 4.25, 1000000067),
	(128, 'mochila', 'Mochilas são bolsas utilizadas para carregar objetos nas costas.', 'preta', 'grande', 'tecido', 28.00, 1000000068),
	(129, 'vaso sanitário', 'Vasos sanitários são itens essenciais em banheiros.', 'branco', 'convencional', 'caixa', 180.00, 1000000069),
	(130, 'banda desenhada', 'Bandas desenhadas são histórias em quadrinhos.', 'aventura', '80 páginas', 'capa dura', 9.50, 1000000070),
	(131, 'relógio de pulso', 'Relógios de pulso são acessórios usados para mostrar a hora.', 'analógico', 'couro', 'unidade', 40.00, 1000000071),
	(132, 'lençol', 'Lençóis são usados para cobrir colchões e proporcionar conforto ao dormir.', 'branco', 'queen', 'pacote', 20.00, 1000000072),
	(133, 'pincéis de pintura', 'Pincéis de pintura são utilizados para criar obras de arte.', 'conjunto', 'variados', 'embalagem', 14.50, 1000000073),
	(134, 'rádio portátil', 'Rádios portáteis são dispositivos usados para ouvir transmissões de rádio.', 'AM/FM', 'portátil', 'embalagem', 25.00, 1000000074),
	(135, 'creme hidratante', 'Creme hidratante é utilizado para manter a pele macia e hidratada.', 'coco', '150ml', 'frasco', 8.00, 1000000075),
	(136, 'caixa de som Bluetooth', 'Caixas de som Bluetooth são dispositivos para reprodução de áudio sem fio.', 'preta', 'portátil', 'embalagem', 30.00, 1000000076),
	(137, 'tinta acrílica', 'Tinta acrílica é utilizada para pintura em diversas superfícies.', 'cores sortidas', '60ml', 'tubo', 5.50, 1000000077),
	(138, 'skate', 'Skates são equipamentos utilizados para a prática de skateboarding.', 'madeira', 'completo', 'caixa', 60.00, 1000000078),
	(139, 'cabo USB', 'Cabos USB são utilizados para transferência de dados e recarga de dispositivos.', '1 metro', 'padrão', 'embalagem', 3.00, 1000000079),
	(140, 'cadeado', 'Cadeados são utilizados para segurança e travamento de objetos.', 'numérico', 'pequeno', 'unidade', 6.50, 1000000080),
	(141, 'gel de cabelo', 'Gel de cabelo é utilizado para modelar e fixar penteados.', 'fixação forte', '150g', 'frasco', 7.20, 1000000081),
	(142, 'bolsa de viagem', 'Bolsas de viagem são usadas para carregar itens em deslocamentos.', 'grande', 'tecido', 'unidade', 38.00, 1000000082),
	(143, 'jogo de tabuleiro', 'Jogos de tabuleiro são entretenimentos para várias pessoas.', 'estratégia', 'padrão', 'caixa', 22.50, 1000000083),
	(144, 'cadarço', 'Cadarços são cordas utilizadas para amarrar calçados.', 'preto', '120cm', 'par', 2.00, 1000000084),
	(145, 'colchão', 'Colchões são utilizados para o descanso e o sono.', 'casal', 'espuma', 'unidade', 120.00, 1000000085),
	(146, 'estojo de maquiagem', 'Estojos de maquiagem são usados para armazenar produtos de beleza.', 'variados', 'médio', 'unidade', 18.00, 1000000086),
	(147, 'varal de roupa', 'Varais de roupa são utilizados para secar roupas após a lavagem.', 'de chão', '2 metros', 'peça', 25.00, 1000000087),
	(148, 'chocolate', 'Chocolate é um doce feito a partir do cacau e utilizado como sobremesa.', 'ao leite', '100g', 'embrulho', 3.25, 1000000001),
	(149, 'biscoito', 'Biscoitos são produtos de panificação em forma de pequenas peças.', 'morango', '150g', 'pacote', 2.75, 1000000002),
	(150, 'água mineral', 'Água mineral é uma água naturalmente mineralizada proveniente de fontes subterrâneas.', 'com gás', '750ml', 'garrafa plástica', 1.50, 1000000003),
	(151, 'sabonete', 'Sabonetes são produtos de higiene pessoal utilizados para limpar a pele.', 'erva-cidreira', '120g', 'papel', 2.20, 1000000004),
	(152, 'óleo de cozinha', 'Óleo de cozinha é utilizado para preparar alimentos.', 'soja', '900ml', 'garrafa plástica', 6.80, 1000000005),
	(153, 'caderno', 'Cadernos são itens utilizados para escrever ou fazer anotações.', 'pautado', '200 folhas', 'capa dura', 7.50, 1000000006),
	(154, 'sucode laranja', 'Suco de laranja é uma bebida natural feita a partir da fruta laranja.', 'laranja', '500ml', 'garrafa plástica', 4.50, 1000000007),
	(155, 'queijo', 'Queijo é um alimento produzido a partir do leite coagulado.', 'cheddar', '200g', 'embrulho', 6.75, 1000000008),
	(156, 'camiseta', 'Camisetas são peças de roupa utilizadas para vestir a parte superior do corpo.', 'preta', 'M', 'etiqueta', 15.00, 1000000009),
	(157, 'laptop', 'Laptops são dispositivos portáteis utilizados para computação.', 'prata', '13 polegadas', 'caixa', 1100.00, 1000000010),
	(158, 'caneca', 'Canecas são utensílios utilizados para beber líquidos.', 'cerâmica', '300ml', 'caixa', 8.50, 1000000011),
	(159, 'macarrão', 'Macarrão é um tipo de massa alimentícia feita de farinha de trigo.', 'espaguete', '500g', 'pacote', 2.20, 1000000012),
	(160, 'gel de banho', 'Gel de banho é um produto utilizado para limpeza corporal durante o banho.', 'lavanda', '250ml', 'frasco', 4.80, 1000000013),
	(161, 'pão de forma', 'Pão de forma é um tipo de pão retangular e fatiado.', 'integral', '400g', 'embrulho', 3.00, 1000000014),
	(162, 'óculos de leitura', 'Óculos de leitura são utilizados para melhorar a visão de perto.', 'preto', '2.5', 'estojo', 10.50, 1000000015),
	(163, 'fones de ouvido', 'Fones de ouvido são dispositivos usados para ouvir áudio.', 'intra-auricular', 'padrão', 'embalagem plástica', 20.00, 1000000016),
	(164, 'livro', 'Livros são obras escritas que podem conter histórias, informações ou conhecimentos.', 'ficção', '300 páginas', 'capa dura', 18.50, 1000000017),
	(165, 'lâmpada', 'Lâmpadas são dispositivos que emitem luz artificial.', 'LED', '9W', 'caixa', 2.75, 1000000018),
	(166, 'tinta para impressora', 'Tinta para impressora é utilizada para imprimir documentos e imagens.', 'preto', '100ml', 'frasco', 12.90, 1000000019),
	(167, 'brinquedo', 'Brinquedos são objetos utilizados para entretenimento, especialmente por crianças.', 'carrinho', 'pequeno', 'caixa', 5.50, 1000000020),
	(168, 'meias', 'Meias são peças de vestuário utilizadas nos pés.', 'algodão', '35-40', 'par', 3.00, 1000000021),
	(169, 'celular', 'Celulares são dispositivos eletrônicos utilizados para comunicação e tarefas diversas.', 'prata', '128GB', 'caixa', 800.00, 1000000022),
	(170, 'sabão líquido', 'Sabão líquido é utilizado para lavagem de roupas na máquina de lavar.', 'lavanda', '1 litro', 'frasco', 6.20, 1000000023),
	(171, 'óculos de sol', 'Óculos de sol são acessórios usados para proteger os olhos da luz solar.', 'aviador', 'padrão', 'estojo', 30.00, 1000000024),
	(172, 'chocolate', 'Chocolate é um doce feito a partir do cacau e utilizado como sobremesa.', 'amargo', '80g', 'embrulho', 2.75, 1000000025),
	(173, 'pasta de dente', 'Pasta de dente é utilizada para a higiene bucal e escovação dos dentes.', 'menta', '90g', 'tubo', 3.50, 1000000027),
	(174, 'tênis esportivo', 'Tênis esportivos são calçados utilizados para atividades físicas.', 'azul', '41', 'caixa', 65.00, 1000000028),
	(175, 'cadeira de escritório', 'Cadeiras de escritório são móveis utilizados para sentar durante o trabalho.', 'ergonômica', 'ajustável', 'unidade', 120.00, 1000000029),
	(176, 'papel higiênico', 'Papel higiênico é utilizado para a higiene pessoal no banheiro.', 'branco', '8 rolos', 'pacote', 6.75, 1000000030),
	(177, 'ferro de passar', 'Ferro de passar é utilizado para alisar roupas amassadas.', 'cerâmica', '1800W', 'caixa', 38.50, 1000000031),
	(178, 'chave de fenda', 'Chave de fenda é uma ferramenta manual utilizada para apertar ou soltar parafusos.', 'cabo de plástico', '5mm', 'plástico', 4.50, 1000000026),
	(179, 'shampoo', 'Shampoos são produtos para a lavagem e limpeza dos cabelos.', 'coco', '300ml', 'plástico', 12.90, 1000000032),
	(180, 'guarda-chuva', 'Guarda-chuvas são dispositivos utilizados para se proteger da chuva.', 'preto', 'grande', 'tecido', 18.75, 1000000033),
	(181, 'tênis de corrida', 'Tênis de corrida são calçados projetados para atividades esportivas.', 'vermelho', '38', 'caixa', 50.00, 1000000034),
	(182, 'chá', 'Chá é uma bebida quente feita a partir da infusão de ervas.', 'camomila', '20 sachês', 'caixa', 3.80, 1000000035),
	(183, 'capa para celular', 'Capas para celular são acessórios utilizados para proteger smartphones.', 'transparente', 'padrão', 'embalagem plástica', 8.00, 1000000036),
	(184, 'bateria recarregável', 'Baterias recarregáveis são fontes de energia para diversos dispositivos eletrônicos.', 'AA', '4 unidades', 'blister', 15.50, 1000000037),
	(185, 'toalha de banho', 'Toalhas de banho são usadas para secar o corpo após o banho.', 'branca', '70x140cm', 'pacote', 10.00, 1000000038),
	(186, 'filme fotográfico', 'Filmes fotográficos são utilizados em câmeras analógicas para capturar imagens.', 'colorido', '35mm', 'embalagem plástica', 7.25, 1000000039),
	(187, 'vassoura', 'Vassouras são utensílios utilizados para varrer superfícies.', 'cerdas naturais', 'longa', 'unidade', 6.00, 1000000040),
	(188, 'pasta', 'Pastas são alimentos feitos a partir de massa, geralmente servidas com molho.', 'penne', '500g', 'pacote', 2.40, 1000000041),
	(189, 'telefone fixo', 'Telefones fixos são aparelhos utilizados para comunicação por linha telefônica.', 'branco', 'com fio', 'caixa', 22.00, 1000000042),
	(190, 'carregador USB', 'Carregadores USB são dispositivos usados para recarregar eletrônicos via USB.', 'branco', 'padrão', 'embalagem plástica', 5.75, 1000000043),
	(191, 'alicate', 'Alicates são ferramentas manuais usadas para segurar, dobrar ou cortar objetos.', 'cabo emborrachado', '6 polegadas', 'plástico', 9.80, 1000000044),
	(192, 'vaso de flores', 'Vasos de flores são recipientes usados para cultivar plantas ornamentais.', 'cerâmica', 'médio', 'unidade', 12.50, 1000000045),
	(193, 'protetor solar', 'Protetor solar é utilizado para proteger a pele dos raios solares.', 'FPS 30', '120ml', 'frasco', 15.00, 1000000046),
	(194, 'fogão', 'Fogões são aparelhos utilizados para cozinhar alimentos.', 'inox', '4 bocas', 'caixa', 250.00, 1000000047),
	(195, 'adesivos decorativos', 'Adesivos decorativos são utilizados para enfeitar superfícies.', 'floral', 'conjunto', 'embalagem plástica', 6.75, 1000000048),
	(196, 'parafusos', 'Parafusos são fixadores rosqueados utilizados em montagens.', 'aço', '5mm', 'caixa', 2.50, 1000000049),
	(197, 'carregador de carro', 'Carregadores de carro são dispositivos usados para recarregar eletrônicos no automóvel.', 'USB', 'padrão', 'embalagem plástica', 8.20, 1000000050),
	(198, 'pasta de amendoim', 'Pasta de amendoim é um alimento feito a partir de amendoins triturados.', 'natural', '350g', 'pote', 8.50, 1000000051),
	(199, 'cadeira dobrável', 'Cadeiras dobráveis são móveis práticos e compactos para sentar.', 'azul', 'portátil', 'unidade', 20.00, 1000000052),
	(200, 'cooler', 'Coolers são recipientes térmicos usados para manter bebidas geladas.', 'azul', '20 litros', 'unidade', 35.00, 1000000088),
	(201, 'quadro branco', 'Quadros brancos são superfícies para escrever e desenhar com marcadores.', 'magnético', '60x90cm', 'unidade', 15.50, 1000000089),
	(202, 'cereal', 'Cereais são alimentos consumidos no café da manhã.', 'aveia', '500g', 'pacote', 4.80, 1000000090),
	(203, 'lanterna', 'Lanternas são dispositivos que emitem luz portátil.', 'LED', 'portátil', 'embalagem', 10.00, 1000000091),
	(204, 'tábua de passar roupa', 'Tábuas de passar roupa são usadas para passar roupas.', 'dobrável', 'média', 'unidade', 22.00, 1000000092),
	(205, 'papel toalha', 'Papel toalha é usado para secar as mãos após lavagem.', 'branco', 'rolo', 'unidade', 1.50, 1000000093),
	(206, 'pasta de tomate', 'Pasta de tomate é utilizada em preparações culinárias.', 'orgânica', '200g', 'tubo', 2.80, 1000000094),
	(207, 'conjunto de facas', 'Conjunto de facas é utilizado para cortar alimentos.', 'inox', '6 peças', 'estojo', 40.00, 1000000095),
	(208, 'cinto', 'Cintos são acessórios usados para segurar roupas.', 'couro', 'ajustável', 'unidade', 15.00, 1000000096),
	(209, 'frigideira', 'Frigideiras são utensílios de cozinha para fritura de alimentos.', 'antiaderente', '30cm', 'unidade', 28.00, 1000000097),
	(210, 'controle remoto', 'Controles remotos são dispositivos para operar aparelhos à distância.', 'TV', 'padrão', 'embalagem', 12.50, 1000000098),
	(211, 'sabonete em barra', 'Sabonetes em barra são usados para limpeza corporal.', 'neutro', '90g', 'embalagem', 1.80, 1000000099),
	(212, 'abridor de garrafas', 'Abridores de garrafas são utensílios usados para abrir tampas de garrafas.', 'metálico', 'compacto', 'unidade', 3.00, 1000000100),
	(213, 'bola de tênis', 'Bolas de tênis são utilizadas em jogos de tênis.', 'amarela', 'pacote com 3', 'pacote', 5.00, 1000000101),
	(214, 'garrafa de água', 'Garrafas de água são recipientes para transporte de líquidos.', 'plástico', '750ml', 'unidade', 4.20, 1000000102),
	(215, 'máscara facial', 'Máscaras faciais são utilizadas para proteção da boca e nariz.', 'descartável', 'pacote com 50', 'pacote', 7.50, 1000000103),
	(216, 'jogo de xadrez', 'Jogos de xadrez são jogos de estratégia para dois jogadores.', 'clássico', 'tabuleiro e peças', 'caixa', 18.00, 1000000104),
	(217, 'bandeja', 'Bandejas são recipientes usados para servir alimentos.', 'plástico', 'média', 'unidade', 6.50, 1000000105);

-- Copiando dados para a tabela fruitjuice.sales: ~34 rows (aproximadamente)
INSERT INTO `sales` (`sale_id`, `data_sale`, `cpf`, `seller_id`, `tax`) VALUES
	(40000, '2003-10-01 00:00:00', '12462879024', 1, 100.00),
	(40001, '2003-10-01 00:00:00', '14689207584', 2, 100.01),
	(400002, '2003-10-01 00:00:00', '1471156710', 3, 100.02),
	(400003, '2003-10-01 00:00:00', '17954620835', 4, 100.03),
	(400004, '2003-10-01 00:00:00', '19290992743', 5, 100.04),
	(400005, '2003-10-01 00:00:00', '20374198065', 6, 100.05),
	(400006, '2003-10-01 00:00:00', '2600586709', 7, 100.06),
	(400007, '2003-10-01 00:00:00', '28094567031', 8, 100.07),
	(400008, '2003-10-01 00:00:00', '28094567031', 9, 100.08),
	(400009, '2003-10-01 00:00:00', '46821574982', 10, 100.09),
	(400010, '2003-10-01 00:00:00', '48921750831', 11, 100.10),
	(400011, '2003-10-01 00:00:00', '49734589101', 12, 100.12),
	(400012, '2003-10-01 00:00:00', '50728493106', 13, 100.60),
	(400013, '2003-10-01 00:00:00', '50783612408', 14, 100.20),
	(400014, '2003-10-01 00:00:00', '50783612408', 15, 100.20),
	(400015, '2003-10-01 00:00:00', '59874213805', 16, 100.30),
	(400016, '2003-10-01 00:00:00', '60278400901', 17, 100.40),
	(400017, '2003-10-01 00:00:00', '60293847510', 18, 100.50),
	(400018, '2003-10-01 00:00:00', '65892047108', 19, 100.60),
	(400019, '2003-10-01 00:00:00', '67239510820', 20, 100.00),
	(400020, '2003-10-01 00:00:00', '69380481542', 21, 100.80),
	(400021, '2003-10-01 00:00:00', '73215968408', 22, 100.00),
	(400022, '2003-10-01 00:00:00', '73905187205', 23, 100.90),
	(400023, '2003-10-01 00:00:00', '75829460197', 24, 100.00),
	(400024, '2003-10-01 00:00:00', '76083159028', 25, 100.00),
	(400025, '2003-10-01 00:00:00', '78931580911', 26, 100.00),
	(400026, '2003-10-01 00:00:00', '82093756421', 27, 100.00),
	(400027, '2003-10-01 00:00:00', '83649025763', 28, 100.00),
	(400028, '2003-10-01 00:00:00', '85647293081', 29, 100.00),
	(400029, '2003-10-01 00:00:00', '90368421542', 30, 100.10),
	(400030, '2003-10-01 00:00:00', '93047856124', 31, 100.00),
	(400031, '2003-10-01 00:00:00', '93478253049', 32, 100.20),
	(400032, '2003-10-01 00:00:00', '93478253049', 33, 100.22),
	(400033, '2003-10-01 00:00:00', '93478253049', 1, 100.00);

-- Copiando dados para a tabela fruitjuice.sellers: ~68 rows (aproximadamente)
INSERT INTO `sellers` (`seller_id`, `name`, `neighborhood`, `Committee`, `date_issue`, `holiday`) VALUES
	(1, 'kaue de matos oliveira', 'laranjeiras', 1, '2025-07-01 00:00:00', 1),
	(2, 'kaue de matos oliveira', 'laranjeiras', 1, '2025-07-01 00:00:00', 1),
	(3, 'kaue de matos oliveira', 'laranjeiras', 1, '2025-07-01 00:00:00', 1),
	(4, 'ana silva', 'copacabana', 2.5, '2024-12-15 00:00:00', 0),
	(5, 'carlos santos', 'ipanema', 3.75, '2023-10-03 00:00:00', 1),
	(6, 'maria rodrigues', 'leblon', 1.2, '2025-05-20 00:00:00', 0),
	(7, 'jose lima', 'botafogo', 2, '2024-09-08 00:00:00', 1),
	(8, 'lucia souza', 'glória', 1.8, '2023-06-12 00:00:00', 0),
	(9, 'paulo martins', 'flamengo', 2.3, '2025-03-25 00:00:00', 1),
	(10, 'claudia oliveira', 'catete', 1.5, '2024-11-11 00:00:00', 0),
	(11, 'ricardo almeida', 'humaitá', 2.7, '2023-08-18 00:00:00', 1),
	(12, 'fernanda gomes', 'jardim botânico', 1.9, '2025-02-09 00:00:00', 0),
	(13, 'andre santos', 'cosme velho', 3.1, '2024-10-30 00:00:00', 1),
	(14, 'isabela menezes', 'santa teresa', 1.4, '2023-07-22 00:00:00', 0),
	(15, 'marcio alves', 'grajaú', 2.2, '2025-01-17 00:00:00', 1),
	(16, 'raquel barbosa', 'meier', 1.1, '2024-09-03 00:00:00', 0),
	(17, 'gustavo pereira', 'taijuca', 2.6, '2023-05-14 00:00:00', 1),
	(18, 'helena rocha', 'maracanã', 1.7, '2025-04-06 00:00:00', 0),
	(19, 'pedro silveira', 'são cristóvão', 2.4, '2024-12-01 00:00:00', 1),
	(20, 'lucas mendes', 'centro', 1.3, '2023-10-22 00:00:00', 0),
	(21, 'mariana lima', 'lapa', 2.9, '2025-06-14 00:00:00', 1),
	(22, 'eduardo santana', 'botafogo', 1.6, '2024-11-09 00:00:00', 0),
	(23, 'vanessa oliveira', 'ipanema', 3.3, '2023-08-05 00:00:00', 1),
	(24, 'joão da silva', 'copacabana', 1.5, '2024-05-15 00:00:00', 0),
	(25, 'ana carvalho', 'ipanema', 2.2, '2023-09-10 00:00:00', 1),
	(26, 'fernando santos', 'leblon', 3.75, '2025-02-25 00:00:00', 0),
	(27, 'marcia oliveira', 'botafogo', 2.9, '2024-07-11 00:00:00', 1),
	(28, 'lucas rodrigues', 'flamengo', 1.8, '2023-12-03 00:00:00', 0),
	(29, 'isabel pereira', 'jardim botânico', 2.1, '2025-09-08 00:00:00', 1),
	(30, 'roberto gomes', 'santa teresa', 1.3, '2024-11-20 00:00:00', 0),
	(31, 'claudia martins', 'tijuca', 2.6, '2023-04-22 00:00:00', 1),
	(32, 'pedro lima', 'maracanã', 1.7, '2025-06-10 00:00:00', 0),
	(33, 'patricia alves', 'copacabana', 2.4, '2024-10-01 00:00:00', 1),
	(34, 'gabriel rocha', 'ipanema', 1.9, '2023-07-18 00:00:00', 0),
	(35, 'laura santos', 'botafogo', 3.2, '2025-04-30 00:00:00', 1),
	(36, 'rodrigo mendes', 'glória', 1.1, '2024-09-12 00:00:00', 0),
	(37, 'vanessa rodrigues', 'humaitá', 2.8, '2023-05-28 00:00:00', 1),
	(38, 'carlos almeida', 'lapa', 1.6, '2025-08-03 00:00:00', 0),
	(39, 'rafaela barbosa', 'jardim botânico', 2.3, '2024-03-19 00:00:00', 1),
	(40, 'guilherme pereira', 'centro', 1.4, '2023-12-08 00:00:00', 0),
	(41, 'ana lima', 'são cristóvão', 2.7, '2025-10-22 00:00:00', 1),
	(42, 'luis santana', 'santa teresa', 1.2, '2024-07-02 00:00:00', 0),
	(43, 'carolina oliveira', 'copacabana', 3, '2023-09-15 00:00:00', 1),
	(44, 'mario rodrigues', 'flamengo', 1.5, '2025-01-05 00:00:00', 0),
	(45, 'andré da silva', 'botafogo', 2.1, '2024-07-15 00:00:00', 0),
	(46, 'mariana carvalho', 'ipanema', 1.8, '2023-11-10 00:00:00', 1),
	(47, 'gustavo santos', 'leblon', 3.25, '2025-03-25 00:00:00', 0),
	(48, 'raquel oliveira', 'copacabana', 2.7, '2024-09-11 00:00:00', 1),
	(49, 'lucas lima', 'flamengo', 1.9, '2023-12-20 00:00:00', 0),
	(50, 'isabela rodrigues', 'jardim botânico', 2.4, '2025-10-08 00:00:00', 1),
	(51, 'roberto gomes', 'santa teresa', 1.15, '2024-12-20 00:00:00', 0),
	(52, 'carla martins', 'tijuca', 2.55, '2023-04-12 00:00:00', 1),
	(53, 'pedro lima', 'maracanã', 1.65, '2025-06-25 00:00:00', 0),
	(54, 'patricia alves', 'copacabana', 2.35, '2024-10-05 00:00:00', 1),
	(55, 'gabriel rocha', 'ipanema', 1.85, '2023-08-18 00:00:00', 0),
	(56, 'laura santos', 'botafogo', 3.1, '2025-04-20 00:00:00', 1),
	(57, 'rodrigo mendes', 'glória', 1.25, '2024-09-28 00:00:00', 0),
	(58, 'vanessa rodrigues', 'humaitá', 2.95, '2023-06-08 00:00:00', 1),
	(59, 'carlos almeida', 'lapa', 1.75, '2025-08-10 00:00:00', 0),
	(60, 'rafaela barbosa', 'jardim botânico', 2.2, '2024-03-15 00:00:00', 1),
	(61, 'guilherme pereira', 'centro', 1.45, '2023-12-12 00:00:00', 0),
	(62, 'ana lima', 'são cristóvão', 2.8, '2025-11-18 00:00:00', 1),
	(63, 'luis santana', 'santa teresa', 1.1, '2024-07-05 00:00:00', 0),
	(64, 'carolina oliveira', 'copacabana', 3.15, '2023-09-25 00:00:00', 1),
	(65, 'mario rodrigues', 'flamengo', 1.55, '2025-01-15 00:00:00', 0),
	(66, 'kaue de matos oliveira', 'laranjeiras', 1, '2025-07-01 00:00:00', 1),
	(67, 'kaue de matos oliveira', 'laranjeiras', 1, '2025-07-01 00:00:00', 1),
	(68, 'kaue de matos oliveira', 'laranjeiras', 1, '2025-07-01 00:00:00', 1);

/*!40103 SET TIME_ZONE=IFNULL(@OLD_TIME_ZONE, 'system') */;
/*!40101 SET SQL_MODE=IFNULL(@OLD_SQL_MODE, '') */;
/*!40014 SET FOREIGN_KEY_CHECKS=IFNULL(@OLD_FOREIGN_KEY_CHECKS, 1) */;
/*!40101 SET CHARACTER_SET_CLIENT=@OLD_CHARACTER_SET_CLIENT */;
/*!40111 SET SQL_NOTES=IFNULL(@OLD_SQL_NOTES, 1) */;
